nwater	natoms	profile	execution_space	mpi_ranks	omp_threads	devices	repeat	returncode	program_ended	wall_s	cp2k_total_s	ks_matrix_total_s	ks_matrix_calls	energy_ha	peak_host_rss_kib	gpu_baseline_mib	peak_gpu_memory_mib	peak_gpu_delta_mib	run_dir
1	3	cpu	HOST	1	10		0	0	1	3.6113570079905912	2.511	2.141	1	-17.04211262376447	2108484				/home/kuehne88/work/molecular-skala-paper-current/spark-current-original-models-fine-robust-150-30/runs/h2o001_cpu_r0
1	3	cpu	HOST	1	10		1	0	1	3.5990777290426195	2.506	2.144	1	-17.04211262376447	2135392				/home/kuehne88/work/molecular-skala-paper-current/spark-current-original-models-fine-robust-150-30/runs/h2o001_cpu_r1
1	3	cpu	HOST	1	10		2	0	1	3.7128601049771532	2.603	2.223	1	-17.04211262376447	2132116				/home/kuehne88/work/molecular-skala-paper-current/spark-current-original-models-fine-robust-150-30/runs/h2o001_cpu_r2
1	3	cpu	HOST	1	10		3	0	1	3.6457542380085215	2.534	2.169	1	-17.04211262376447	2118856				/home/kuehne88/work/molecular-skala-paper-current/spark-current-original-models-fine-robust-150-30/runs/h2o001_cpu_r3
1	3	gpu1	DEVICE	1	10	0	0	0	1	3.985514819039963	2.678	2.151	1	-17.042112614262575	2998836				/home/kuehne88/work/molecular-skala-paper-current/spark-current-original-models-fine-robust-150-30/runs/h2o001_gpu1_r0
1	3	gpu1	DEVICE	1	10	0	1	0	1	3.8757510390132666	2.66	2.162	1	-17.042112614262575	2992896				/home/kuehne88/work/molecular-skala-paper-current/spark-current-original-models-fine-robust-150-30/runs/h2o001_gpu1_r1
1	3	gpu1	DEVICE	1	10	0	2	0	1	4.03942389099393	2.693	2.189	1	-17.042112614262575	2992320				/home/kuehne88/work/molecular-skala-paper-current/spark-current-original-models-fine-robust-150-30/runs/h2o001_gpu1_r2
1	3	gpu1	DEVICE	1	10	0	3	0	1	3.856286042020656	2.622	2.106	1	-17.042112614262575	2992904				/home/kuehne88/work/molecular-skala-paper-current/spark-current-original-models-fine-robust-150-30/runs/h2o001_gpu1_r3
2	6	cpu	HOST	1	10		0	0	1	5.780962080927566	4.688	4.247	1	-34.08251019419882	3543880				/home/kuehne88/work/molecular-skala-paper-current/spark-current-original-models-fine-robust-150-30/runs/h2o002_cpu_r0
2	6	cpu	HOST	1	10		1	0	1	5.68083268601913	4.603	4.166	1	-34.08251019419882	3545360				/home/kuehne88/work/molecular-skala-paper-current/spark-current-original-models-fine-robust-150-30/runs/h2o002_cpu_r1
2	6	cpu	HOST	1	10		2	0	1	5.815587303019129	4.716	4.263	1	-34.08251019419882	3555828				/home/kuehne88/work/molecular-skala-paper-current/spark-current-original-models-fine-robust-150-30/runs/h2o002_cpu_r2
2	6	cpu	HOST	1	10		3	0	1	5.943430627929047	4.801	4.28	1	-34.08251019419882	3556392				/home/kuehne88/work/molecular-skala-paper-current/spark-current-original-models-fine-robust-150-30/runs/h2o002_cpu_r3
2	6	gpu1	DEVICE	1	10	0	0	0	1	4.843131925095804	3.55	2.907	1	-34.082510164071564	3117248				/home/kuehne88/work/molecular-skala-paper-current/spark-current-original-models-fine-robust-150-30/runs/h2o002_gpu1_r0
2	6	gpu1	DEVICE	1	10	0	1	0	1	4.692118735983968	3.445	2.821	1	-34.082510164071564	3124096				/home/kuehne88/work/molecular-skala-paper-current/spark-current-original-models-fine-robust-150-30/runs/h2o002_gpu1_r1
2	6	gpu1	DEVICE	1	10	0	2	0	1	4.801844373927452	3.508	2.935	1	-34.082510164071564	3112240				/home/kuehne88/work/molecular-skala-paper-current/spark-current-original-models-fine-robust-150-30/runs/h2o002_gpu1_r2
2	6	gpu1	DEVICE	1	10	0	3	0	1	4.68749406398274	3.428	2.827	1	-34.082510164071564	3124736				/home/kuehne88/work/molecular-skala-paper-current/spark-current-original-models-fine-robust-150-30/runs/h2o002_gpu1_r3
4	12	cpu	HOST	1	10		0	0	1	13.396125812083483	12.198	11.607	1	-68.22925255384892	6002284				/home/kuehne88/work/molecular-skala-paper-current/spark-current-original-models-fine-robust-150-30/runs/h2o004_cpu_r0
4	12	cpu	HOST	1	10		1	0	1	13.48199434694834	12.284	11.69	1	-68.22925255384892	6001696				/home/kuehne88/work/molecular-skala-paper-current/spark-current-original-models-fine-robust-150-30/runs/h2o004_cpu_r1
4	12	cpu	HOST	1	10		2	0	1	13.393931052996777	12.157	11.6	1	-68.22925255384892	6000408				/home/kuehne88/work/molecular-skala-paper-current/spark-current-original-models-fine-robust-150-30/runs/h2o004_cpu_r2
4	12	cpu	HOST	1	10		3	0	1	13.506222373922355	12.257	11.616	1	-68.22925255384892	5852516				/home/kuehne88/work/molecular-skala-paper-current/spark-current-original-models-fine-robust-150-30/runs/h2o004_cpu_r3
4	12	gpu1	DEVICE	1	10	0	0	0	1	5.875671854009852	4.556	3.846	1	-68.2292524813138	3190064				/home/kuehne88/work/molecular-skala-paper-current/spark-current-original-models-fine-robust-150-30/runs/h2o004_gpu1_r0
4	12	gpu1	DEVICE	1	10	0	1	0	1	6.077281062025577	4.744	3.974	1	-68.2292524813138	3181156				/home/kuehne88/work/molecular-skala-paper-current/spark-current-original-models-fine-robust-150-30/runs/h2o004_gpu1_r1
4	12	gpu1	DEVICE	1	10	0	2	0	1	5.817300767987035	4.469	3.785	1	-68.2292524813138	3117136				/home/kuehne88/work/molecular-skala-paper-current/spark-current-original-models-fine-robust-150-30/runs/h2o004_gpu1_r2
4	12	gpu1	DEVICE	1	10	0	3	0	1	5.7812951050000265	4.498	3.777	1	-68.2292524813138	3117112				/home/kuehne88/work/molecular-skala-paper-current/spark-current-original-models-fine-robust-150-30/runs/h2o004_gpu1_r3
8	24	cpu	HOST	1	10		0	0	1	41.647441464010626	40.431	39.772	1	-136.42284479181677	10598860				/home/kuehne88/work/molecular-skala-paper-current/spark-current-original-models-fine-robust-150-30/runs/h2o008_cpu_r0
8	24	cpu	HOST	1	10		1	0	1	40.11563065601513	38.967	38.319	1	-136.42284479181677	10580616				/home/kuehne88/work/molecular-skala-paper-current/spark-current-original-models-fine-robust-150-30/runs/h2o008_cpu_r1
8	24	cpu	HOST	1	10		2	0	1	41.11959122994449	39.97	39.282	1	-136.42284479181677	10625160				/home/kuehne88/work/molecular-skala-paper-current/spark-current-original-models-fine-robust-150-30/runs/h2o008_cpu_r2
8	24	cpu	HOST	1	10		3	0	1	42.41610955493525	41.153	40.464	1	-136.42284479181677	10644108				/home/kuehne88/work/molecular-skala-paper-current/spark-current-original-models-fine-robust-150-30/runs/h2o008_cpu_r3
8	24	gpu1	DEVICE	1	10	0	0	0	1	12.830056229024194	11.476	10.715	1	-136.42284463748592	3214708				/home/kuehne88/work/molecular-skala-paper-current/spark-current-original-models-fine-robust-150-30/runs/h2o008_gpu1_r0
8	24	gpu1	DEVICE	1	10	0	1	0	1	12.78481416089926	11.444	10.68	1	-136.42284463748592	3214768				/home/kuehne88/work/molecular-skala-paper-current/spark-current-original-models-fine-robust-150-30/runs/h2o008_gpu1_r1
8	24	gpu1	DEVICE	1	10	0	2	0	1	12.945808144053444	11.497	10.738	1	-136.42284463748592	3133196				/home/kuehne88/work/molecular-skala-paper-current/spark-current-original-models-fine-robust-150-30/runs/h2o008_gpu1_r2
8	24	gpu1	DEVICE	1	10	0	3	0	1	12.849349507014267	11.409	10.633	1	-136.42284463748592	3125588				/home/kuehne88/work/molecular-skala-paper-current/spark-current-original-models-fine-robust-150-30/runs/h2o008_gpu1_r3
