system	GAPW_AE_PBE_total_hartree	GAPW_AE_PBE_D3BJ_total_hartree	GAPW_AE_GauXC_PBE_total_hartree	GAPW_AE_SKALA_XC_total_hartree	GAPW_AE_D3BJ_B3LYP5_AUX_total_hartree
H2O	-76.359539588681	-76.359899150566	-76.359727966703	-76.412093529272	-76.360113618269
water-6-PR	-458.252725213505	-458.262964369571	-458.253751530662	-458.553742066921	-458.268446250888
water-6-CA	-458.253957537435	-458.263859957525	-458.254996669240	-458.554765936103	-458.269175383094
water-6-BK-1	-458.238212270154	-458.246769515174	-458.239248003497	-458.539893367621	-458.251344476354
water-6-BK-2	-458.246441866641	-458.255124438661	-458.247475093145	-458.547927536657	-458.259741542508
water-6-CC	-458.229034350178	-458.236245972811	-458.230073041517	-458.532093077979	-458.240111837662
water-6-BAG	-458.251721691580	-458.260690289994	-458.252758323952	-458.553024811996	-458.265409637104
water-6-CB-1	-458.239995262222	-458.247299137632	-458.241037258912	-458.543053967458	-458.251189692843
water-6-CB-2	-458.230278544543	-458.237601538478	-458.231321502047	-458.533653169596	-458.241498392578
