system	GPW_PBE_GTH_PBE_total_hartree	GPW_PBE_GTH_PBE_D3BJ_total_hartree	GPW_PBE_GTH_GauXC_PBE_total_hartree	GPW_PBE_GTH_SKALA_XC_total_hartree	GPW_PBE_GTH_D3BJ_B3LYP5_AUX_total_hartree
H2O	-17.220180789054	-17.220540350939	-17.220105751564	-17.232092082152	-17.220754818642
water-6-PR	-103.398749913763	-103.408989069829	-103.398705701725	-103.451355682348	-103.414470951146
water-6-CA	-103.400521107100	-103.410423527190	-103.400583465536	-103.452825228714	-103.415738952758
water-6-BK-1	-103.384116271993	-103.392673517014	-103.384164661773	-103.436726767372	-103.397248478194
water-6-BK-2	-103.391839378037	-103.400521950057	-103.391891965513	-103.444467664175	-103.405139053904
water-6-CC	-103.375946146526	-103.383157769159	-103.375809461781	-103.429555593341	-103.387023634009
water-6-BAG	-103.397019458854	-103.405988057269	-103.397061416566	-103.449482952009	-103.410707404379
water-6-CB-1	-103.386434718002	-103.393738593412	-103.386383469739	-103.440202415796	-103.397629148623
water-6-CB-2	-103.376563877783	-103.383886871718	-103.376727634881	-103.430882792980	-103.387783725818
